CREATE DATABASE  IF NOT EXISTS `contatos` /*!40100 DEFAULT CHARACTER SET utf8 */;
USE `contatos`;
-- MySQL dump 10.13  Distrib 5.6.13, for Win32 (x86)
--
-- Host: 192.168.200.14    Database: contatos
-- ------------------------------------------------------
-- Server version	5.1.63-0+squeeze1

/*!40101 SET @OLD_CHARACTER_SET_CLIENT=@@CHARACTER_SET_CLIENT */;
/*!40101 SET @OLD_CHARACTER_SET_RESULTS=@@CHARACTER_SET_RESULTS */;
/*!40101 SET @OLD_COLLATION_CONNECTION=@@COLLATION_CONNECTION */;
/*!40101 SET NAMES utf8 */;
/*!40103 SET @OLD_TIME_ZONE=@@TIME_ZONE */;
/*!40103 SET TIME_ZONE='+00:00' */;
/*!40014 SET @OLD_UNIQUE_CHECKS=@@UNIQUE_CHECKS, UNIQUE_CHECKS=0 */;
/*!40014 SET @OLD_FOREIGN_KEY_CHECKS=@@FOREIGN_KEY_CHECKS, FOREIGN_KEY_CHECKS=0 */;
/*!40101 SET @OLD_SQL_MODE=@@SQL_MODE, SQL_MODE='NO_AUTO_VALUE_ON_ZERO' */;
/*!40111 SET @OLD_SQL_NOTES=@@SQL_NOTES, SQL_NOTES=0 */;

--
-- Table structure for table `deptos`
--

DROP TABLE IF EXISTS `deptos`;
/*!40101 SET @saved_cs_client     = @@character_set_client */;
/*!40101 SET character_set_client = utf8 */;
CREATE TABLE `deptos` (
  `id_depto` int(11) NOT NULL AUTO_INCREMENT,
  `depto_nome` varchar(150) NOT NULL,
  PRIMARY KEY (`id_depto`)
) ENGINE=InnoDB AUTO_INCREMENT=32 DEFAULT CHARSET=utf8;
/*!40101 SET character_set_client = @saved_cs_client */;

--
-- Dumping data for table `deptos`
--

LOCK TABLES `deptos` WRITE;
/*!40000 ALTER TABLE `deptos` DISABLE KEYS */;
INSERT INTO `deptos` (`id_depto`, `depto_nome`) VALUES (1,' -'),(2,'ABASTECIMENTO '),(3,'ACM'),(4,'ALMOXARIFADO'),(5,'COMERCIAL'),(6,'COMPRAS'),(7,'CONTABILIDADE'),(8,'DIRETORIA'),(9,'DOP'),(10,'EXPEDICAO'),(11,'FATURAMENTO'),(12,'FINANCEIRO'),(13,'FISCAL'),(14,'FROTA'),(15,'JURIDICO'),(16,'LICENCAS'),(17,'MANUTENCAO'),(18,'OPERACIONAL'),(19,'ORCAMENTO'),(20,'POS VENDA '),(21,'PRESIDENCIA'),(22,'PRICE'),(23,'PROGRAMACAO'),(24,'PROJETOS LOGISTICOS'),(25,'QUALIDADE'),(26,'RH'),(27,'SGF'),(28,'TI'),(29,'TRAFEGO'),(30,'SEGURANCA DO TRABALHO '),(31,'DP');
/*!40000 ALTER TABLE `deptos` ENABLE KEYS */;
UNLOCK TABLES;

--
-- Table structure for table `filiais`
--

DROP TABLE IF EXISTS `filiais`;
/*!40101 SET @saved_cs_client     = @@character_set_client */;
/*!40101 SET character_set_client = utf8 */;
CREATE TABLE `filiais` (
  `id_filial` int(11) NOT NULL AUTO_INCREMENT,
  `filial_nome` varchar(150) NOT NULL,
  `filial_img` varchar(45) NOT NULL,
  `filiais_status` tinyint(4) NOT NULL DEFAULT '1',
  PRIMARY KEY (`id_filial`)
) ENGINE=InnoDB AUTO_INCREMENT=13 DEFAULT CHARSET=utf8;
/*!40101 SET character_set_client = @saved_cs_client */;

--
-- Dumping data for table `filiais`
--

LOCK TABLES `filiais` WRITE;
/*!40000 ALTER TABLE `filiais` DISABLE KEYS */;
INSERT INTO `filiais` (`id_filial`, `filial_nome`, `filial_img`, `filiais_status`) VALUES (1,'PIRACICABA','Intranet_pira.jpg',1),(2,'ALUMINIO','Intranet_Aluminio.jpg',1),(3,'ARARAQUARA','Intranet_araraquara.jpg',1),(4,'CAMAÇARI','Intranet_camacari.jpg',1),(5,'CAMPO GRANDE','Intranet_campogrande.jpg',1),(6,'CATALÃO','Intranet_catalao.jpg',1),(7,'HORIZONTINA','Intranet_Horizontina.jpg',1),(8,'JACAREI','Intranet_jacarei.jpg',1),(9,'MONTE NEGRO','Intranet_montenegro.jpg',1),(10,'PINDAMONHANGABA','Intranet_pinda.jpg',1),(11,'SERRA','Intranet_serra.jpg',1),(12,'SOROCABA','Intranet_sorocaba.jpg',1);
/*!40000 ALTER TABLE `filiais` ENABLE KEYS */;
UNLOCK TABLES;

--
-- Table structure for table `motoristas`
--

DROP TABLE IF EXISTS `motoristas`;
/*!40101 SET @saved_cs_client     = @@character_set_client */;
/*!40101 SET character_set_client = utf8 */;
CREATE TABLE `motoristas` (
  `id_motorista` int(11) NOT NULL AUTO_INCREMENT,
  `motorista_nome` varchar(150) NOT NULL,
  `motorista_cel` varchar(15) NOT NULL,
  `motorista_email` varchar(150) NOT NULL,
  `motorista_status` tinyint(4) NOT NULL DEFAULT '1',
  PRIMARY KEY (`id_motorista`),
  KEY `motorista_status_idx` (`motorista_status`),
  CONSTRAINT `motorista_status` FOREIGN KEY (`motorista_status`) REFERENCES `status` (`idstatus`) ON DELETE NO ACTION ON UPDATE NO ACTION
) ENGINE=InnoDB AUTO_INCREMENT=228 DEFAULT CHARSET=utf8;
/*!40101 SET character_set_client = @saved_cs_client */;

--
-- Dumping data for table `motoristas`
--

LOCK TABLES `motoristas` WRITE;
/*!40000 ALTER TABLE `motoristas` DISABLE KEYS */;
INSERT INTO `motoristas` (`id_motorista`, `motorista_nome`, `motorista_cel`, `motorista_email`, `motorista_status`) VALUES (1,'ADAIR JOSE RODRIGUES','(19)98258-5873','fpl3@flechadeprata.com.br',1),(2,'ADENILSON VENANCIO','(19)98217-5647','fpl75@flechadeprata.com.br',1),(3,'ADENISIO GARCIA DA ROCHA','(19)98217-5908','fpl117@flechadeprata.com.br',1),(4,'ADILSON FIGUEIRA FERRAZ','(19)98258-5479','fpl236@flechadeprata.com.br',1),(5,'ADILSON RODRIGUES CAMPOS','(19)98217-1554','fpl65@flechadeprata.com.br',1),(6,'ADMIR APARECIDO BATISTA','(19)98244-2221','fpl140@flechadeprata.com.br',1),(7,'ADRIANO SAMPAIO','(19)98244-0970','fpl218@flechadeprata.com.br',1),(8,'AIRES ASSIS DE MENEZES','(19)98217-4172','fpl78@flechadeprata.com.br',1),(9,'ALAN CANDEIAS','(19)98258-5926','fpl8@flechadeprata.com.br',1),(10,'ALBERTO GAMA NASCIMENTO','(19)98258-6413','fpl177@flechadeprata.com.br',1),(11,'ALCEU APARECIDO RIBEIRO','(19)98217-3721','fpl7@flechadeprata.com.br',1),(12,'ALDAIR GALINDO LIMA','(19)98258-5546','fpl129@flechadeprata.com.br',1),(13,'ALDECY LIRA COSTA','(19)98217-5100','fpl247@flechadeprata.com.br',1),(14,'ALECSANDRO LOPES DA SILVA','(19)98217-4183','fpl288@flechadeprata.com.br',1),(15,'ALESSANDRO ALVES GOMES','(19)98258-7849','fpl281@flechadeprata.com.br',1),(16,'ALEX FERNANDES PEREIRA','(19)98217-3228','fpl160@flechadeprata.com.br',1),(17,'ALEX PRADO','(19)98217-3762','fpl79@flechadeprata.com.br',1),(18,'ALEXANDRO CORREA DE OLIVEIRA','(19)98217-4532','fpl305@flechadeprata.com.br',1),(19,'ALTAIR DA PAZ GUEDES','(19)98258-5819','fpl24@flechadeprata.com.br',1),(20,'AMILTON DE PAULA SILVEIRA','(19)98217-4447','fpl170@flechadeprata.com.br',1),(21,'ANA MARIA RODRIGUES','(19)98217-4486','fpl13@flechadeprata.com.br',1),(22,'ANDERSON DIAS DE OLIVEIRA','(19)98258-6057','fpl86@flechadeprata.com.br',1),(23,'ANDERSON DINIZ','(19)98217-5207','fpl12@flechadeprata.com.br',1),(24,'ANDERSON RODRIGUES GOMES','(19)98217-3734','fpl85@flechadeprata.com.br',1),(25,'ANDRE LUIS MATIAS','(19)98258-7624','fpl225@flechadeprata.com.br',1),(26,'ANDRE LUIZ DA SILVA','(19)98258-6384','fpl88@flechadeprata.com.br',1),(27,'ANILTON DONIZETE DE MORAIS','(19)98244-9315','fpl229@flechadeprata.com.br',1),(28,'ANTENOR OLIVEIRA LEMOS','(19)98217-1968','fpl297@flechadeprata.com.br',1),(29,'ANTONIO APARECIDO DA SILVA','(19)98258-5464','fpl248@flechadeprata.com.br',1),(30,'ANTONIO CARLOS MORAES','(19)98258-6304','fpl90@flechadeprata.com.br',1),(31,'ANTONIO CARLOS SANTOS','(19)98258-5661','fpl11@flechadeprata.com.br',1),(32,'ANTONIO HONORIO DE FREITAS','(19)98217-1908','fpl141@flechadeprata.com.br',1),(33,'ANTONIO MARCOS DE SOUZA','(19)98217-5800','fpl92@flechadeprata.com.br',1),(34,'ANTONIO MURARO DO PRADO','(19)98258-6389','fpl89@flechadeprata.com.br',1),(35,'ANTONIO OLIVEIRA DA SILVA','(19)98113-1441','fpl267@flechadeprata.com.br',1),(36,'ANTONIO ROBERTO SANCHES','(19)98217-6625','fpl93@flechadeprata.com.br',1),(37,'ANTONIO SERGIO FERON','(19)98217-2097','fpl95@flechadeprata.com.br',1),(38,'BENEDITO AP SANTOS','(19)98258-6251','fpl73@flechadeprata.com.br',1),(39,'CARLOS ALBERTO ALVES VIEIRA','(19)98217-2492','fpl235@flechadeprata.com.br',1),(40,'CESAR LUIZ DEGE','(19)98258-5489','fpl10@flechadeprata.com.br',1),(41,'CICERO MARGELA DINIZ DOS SANTOS','(19)98217-4512','fpl103@flechadeprata.com.br',1),(42,'CLAUDINEI FRANCA MENEZES','(19)98217-6115','fpl98@flechadeprata.com.br',1),(43,'CLAUDIO CESAR DE CAMPOS','(19)98258-6287','fpl105@flechadeprata.com.br',1),(44,'CLAUDIO PINTO DO AMARAL','(19)98258-5952','fpl30@flechadeprata.com.br',1),(45,'CLAYTON SOUZA SANTOS','(19)98258-5702','fpl27@flechadeprata.com.br',1),(46,'CLEBER TEIXEIRA DE SOUZA','(19)98258-6293','fpl295@flechadeprata.com.br',1),(47,'CLEIDISON MARQUES LINO','(19)98258-5989','fpl107@flechadeprata.com.br',1),(48,'CLEVERSON SAID DA CRUZ','(19)98258-7856','fpl106@flechadeprata.com.br',1),(49,'CRISTIANO JOSE GOMES','(19)98113-3700','fpl303@flechadeprata.com.br',1),(50,'DEIBSON PEREIRA DUTRA','(19)98258-5499','fpl108@flechadeprata.com.br',1),(51,'DEOCLERIO HENRIQUE AUGUSTO SCHWA','(19)98258-5466','fpl110@flechadeprata.com.br',1),(52,'DERCI RODOLFO RIGOLIM','(19)98258-6375','fpl56@flechadeprata.com.br',1),(53,'DEUZIMAR DA COSTA NOGUEIRA','(19)98258-7274','fpl18@flechadeprata.com.br',1),(54,'DIEGO CESAR LEITE DE ANDRADE','(19)98258-6315','fpl37@flechadeprata.com.br',1),(55,'DIOMEDES JOSE LUCIO DO PRADO','(19)98217-6475','fpl112@flechadeprata.com.br',1),(56,'DORIVAL PAULO DE SOUZA','(19)98258-6224','fpl36@flechadeprata.com.br',1),(57,'DOUGLAS F. G. DE OLIVEIRA','(19)98258-5584','fpl102@flechadeprata.com.br',1),(58,'DULCINEIA ANNES DOS SANTOS','(19)98217-3364','fpl274@flechadeprata.com.br',1),(59,'EDER ADEMIR FIGUEREDO','(19)98258-6423','fpl118@flechadeprata.com.br',1),(60,'EDER VANSAN ALVES','(19)98217-1108','fpl163@flechadeprata.com.br',1),(61,'EDERSON DA SILVA CAVALHEIRO','(19)98258-7984','fpl21@flechadeprata.com.br',1),(62,'EDIGELSON PEREIRA LIMA','(19)98258-5686','fpl173@flechadeprata.com.br',1),(63,'EDILSON DA CONCEICAO SILVA','(19)98217-1286','fpl209@flechadeprata.com.br',1),(64,'EDILSON DUNDES RODRIGUES','(19)98258-5045','fpl244@flechadeprata.com.br',1),(65,'EDIVALDO FREITAS DOS SANTOS','(19)98217-5852','fpl6@flechadeprata.com.br',1),(66,'EDSON NASCIMENTO DOS SANTOS','(19)98217-1867','fpl25@flechadeprata.com.br',1),(67,'EDUARDO FRANCHI VERCEZI','(19)98217-6418','fpl116@flechadeprata.com.br',1),(68,'EDUARDO NASCIMENTO','(19)98258-5629','fpl307@flechadeprata.com.br',1),(69,'ELBERT WILDEMBERG ARAUJO','(19)98294-3777','fpl51@flechadeprata.com.br',1),(70,'ELDEMAR NOJOSA DE SOUZA','(19)98258-4895','fpl159@flechadeprata.com.br',1),(71,'ELIELCIO ELIAS','(19)98258-5736','fpl260@flechadeprata.com.br',1),(72,'ELIO ROCHA DOS SANTOS','(19)98258-6376','fpl249@flechadeprata.com.br',1),(73,'ELUIR DE MORAES ALVES','(19)98258-6284','fpl153@flechadeprata.com.br',1),(74,'EMERSON DE ALMEIDA','(19)98217-6668','fpl148@flechadeprata.com.br',1),(75,'EMERSON LOURIVAL DE CARVALHO','(19)98258-5519','fpl239@flechadeprata.com.br',1),(76,'EMIDIO BARRETO DA SILVA','(19)98217-5835','fpl49@flechadeprata.com.br',1),(77,'ENEIAS GARCIA ANDRADE','(19)98258-5589','fpl104@flechadeprata.com.br',1),(78,'ERNESTO MANUEL V. ZEFERINO','(19)98258-5531','fpl277@flechadeprata.com.br',1),(79,'EVANDRO MARCIO GOMES DOS SANTOS','(19)98355-4645','fpl123@flechadeprata.com.br',1),(80,'FABIANO DA SILVA SANTOS','(19)98258-5601','fpl293@flechadeprata.com.br',1),(81,'FABIANO LINHARES','(19)98258-5604','fpl142@flechadeprata.com.br',1),(82,'FABIO CANDIDO COSTA','(19)98217-3126','fpl158@flechadeprata.com.br',1),(83,'FABSON BISPO DOS SANTOS','(19)98258-5762','fpl191@flechadeprata.com.br',1),(84,'FERNANDO DOS SANTOS','(19)98217-1698','fpl128@flechadeprata.com.br',1),(85,'FERNANDO H XAVIER DA SILVA','(19)98217-4990','fpl133@flechadeprata.com.br',1),(86,'FRANCISCO ALBERTO DAS CHAGAS','(19)98258-6405','fpl130@flechadeprata.com.br',1),(87,'FRANCISCO DA SILVA GOMES','(19)98217-6663','fpl258@flechadeprata.com.br',1),(88,'FRANCISCO DE OLIVEIRA MARTINS','(19)98217-6741','fpl1@flechadeprata.com.br',1),(89,'GASPAR DOS REIS DA SILVA','(19)98258-6277','fpl134@flechadeprata.com.br',1),(90,'GENILSON TEIXEIRA CORREIA','(19)98258-9922','fpl278@flechadeprata.com.br',1),(91,'GEOVAN BERNARDES DE OLIVEIRA','(19)98258-6237','fpl184@flechadeprata.com.br',1),(92,'GIVANEZ ESPINOZA DA SILVA','(19)98258-5767','fpl276@flechadeprata.com.br',1),(93,'GEIDSON PEREIRA TEIXEIRA','(19)98258-5177','fpl269@flechadeprata.com.br',1),(94,'IELITO F DE FREITAS JUNIOR','(19)98217-4134','fpl233@flechadeprata.com.br',1),(95,'IREMAR DE OLIVERA SEVAZZI','(19)98258-6107','fpl115@flechadeprata.com.br',1),(96,'ITAMAR GUIMARAES','(19)98258-5493','fpl210@flechadeprata.com.br',1),(97,'JAIME JOSE DE CARVALHO','(19)98244-0555','fpl279@flechadeprata.com.br',1),(98,'JEFFERSON FONSECA MIRANDA','(19)98258-6135','fpl283@flechadeprata.com.br',1),(99,'JEREMIAS IGINO DA SILVA','(19)98217-3478','fpl144@flechadeprata.com.br',1),(100,'JHONATAN GOMES DOS REIS','(19)98217-4973','fpl35@flechadeprata.com.br',1),(101,'JOAO ANTONIO DOS SANTOS','(19)98258-5676','fpl282@flechadeprata.com.br',1),(102,'JOAO APARECIDO PEREIRA JOAQUIM','(19)98244-5522','fpl38@flechadeprata.com.br',1),(103,'JOAO BATISTA DE OLIVEIRA','(19)98258-6140','fpl59@flechadeprata.com.br',1),(104,'JOAO BAZILIO FERREIRA','(19)98244-0660','fpl168@flechadeprata.com.br',1),(105,'JOAO FERGUTS','(19)98258-5946','fpl124@flechadeprata.com.br',1),(106,'JOAQUIM FERREIRA NETO','(19)98258-6132','fpl214@flechadeprata.com.br',1),(107,'JOELCIO DE FREITAS SANTOS','(19)98244-4968','fpl149@flechadeprata.com.br',1),(108,'JORGE AUGUSTO MORAES DE OLIVEIRA','(19)98217-4071','fpl5@flechadeprata.com.br',1),(109,'JOSE ADELMO DA SILVA','(19)98217-6466','fpl252@flechadeprata.com.br',1),(110,'JOSE ANANIAS SOUZA DE PAULA','(19)98217-5314','fpl217@flechadeprata.com.br',1),(111,'JOSE CARLOS DE BRITO R JUNIOR','(19)98217-3093','fpl200@flechadeprata.com.br',1),(112,'JOSE CARLOS DOS SANTOS','(19)98217-2448','fpl198@flechadeprata.com.br',1),(113,'JOSE CARLOS LEITE DA SILVA','(19)98217-6638','fpl195@flechadeprata.com.br',1),(114,'JOSE EDILSON FERREIRA DE MELO','(19)98217-2366','fpl241@flechadeprata.com.br',1),(115,'JOSE ERIVANILDO SOUSA BRASIL','(19)98217-2853','fpl155@flechadeprata.com.br',1),(116,'JOSE FREIRE DA SILVA','(19)98217-3402','fpl97@flechadeprata.com.br',1),(117,'JOSE LUIS ASSONI','(19)98258-5705','fpl91@flechadeprata.com.br',1),(118,'JOSE LUIZ DA SILVA MARQUES','(19)98217-1466','fpl264@flechadeprata.com.br',1),(119,'JOSE MIGUEL DA SILVA','(19)98217-5083','fpl263@flechadeprata.com.br',1),(120,'JOSE NATALINO DE PAULA','(19)98217-4716','fpl67@flechadeprata.com.br',1),(121,'JOSE ROBERTO ZONATTO','(19)98217-4545','fpl257@flechadeprata.com.br',1),(122,'JOSE SOARES DA SILVA','(19)98217-5195','fpl242@flechadeprata.com.br',1),(123,'JOSE WELLINGTON BEZERRA DE FIGUEIR','(19)98258-6092','fpl179@flechadeprata.com.br',1),(124,'JOSIMAR TADEU QUITO','(19)98217-5723','fpl212@flechadeprata.com.br',1),(125,'JOZENIL FERREIRA DE CARVALHO','(19)98217-3414','fpl54@flechadeprata.com.br',1),(126,'JUNIOR CRUZ TELES','(19)98217-4011','fpl227@flechadeprata.com.br',1),(127,'LAERCIO VAZ DA SILVA','(19)98258-7852','fpl245@flechadeprata.com.br',1),(128,'LAUDIR JOSE VOGEL','(19)98244-0600','fpl162@flechadeprata.com.br',1),(129,'LEANDRO ALVES DOS SANTOS','(19)98258-6109','fpl84@flechadeprata.com.br',1),(130,'LEANDRO DOS SANTOS MORAES','(19)98258-6083','fpl152@flechadeprata.com.br',1),(131,'LENILSON FERREIRA LEITE','(19)98217-5428','fpl222@flechadeprata.com.br',1),(132,'LEOCADIO MARTINS DE SOUZA NETO','(19)98258-5760','fpl64@flechadeprata.com.br',1),(133,'LEONIDES RUBINELLI','(19)98258-5735','fpl47@flechadeprata.com.br',1),(134,'LUCIANO RIBEIRO DE OLIVEIRA','(19)98217-5037','fpl223@flechadeprata.com.br',1),(135,'LUIS FERNANDO RODRIGUES GOMES','(19)98217-4116','fpl62@flechadeprata.com.br',1),(136,'LUIZ ANTONIO SANTOS SOUZA','(19)98217-4337','fpl253@flechadeprata.com.br',1),(137,'LUIZ CARLOS DA SILVA VIANA','(19)98217-6465','fpl63@flechadeprata.com.br',1),(138,'LUIZ CARLOS LOPES DA SILVA JR','(19)98244-9542','fpl309@flechadeprata.com.br',1),(139,'LUIZ CARLOS TERTO','(19)98217-5218','fpl143@flechadeprata.com.br',1),(140,'LUIZ EDUARDO GARCIA TISSIANI','(19)98217-1885','fpl190@flechadeprata.com.br',1),(141,'MAIKOL FELIPE DE GOES','(19)98217-2553','fpl211@flechadeprata.com.br',1),(142,'MANOEL MESSIAS DA CONCEICAO','(19)98217-6721','fpl161@flechadeprata.com.br',1),(143,'MARCELO FERREIRA DE CABRAL','(19)98217-1133','fpl181@flechadeprata.com.br',1),(144,'MARCELO LUIZ AGUILAR','(19)98244-3878','fpl201@flechadeprata.com.br',1),(145,'MARCELO RODRIGUES SIMOES','(19)98217-2520','fpl165@flechadeprata.com.br',1),(146,'MARCIO MELONARI','(19)98258-6295','fpl111@flechadeprata.com.br',1),(147,'MARCIO RICARDO O DA SILVA','(19)98217-3801','fpl240@flechadeprata.com.br',1),(148,'MARCOS ADRIANO FERREIRA MOREIRA','(19)98244-0607','fpl174@flechadeprata.com.br',1),(149,'MARCOS ANTONIO PINTO','(19)98217-4203','fpl34@flechadeprata.com.br',1),(150,'MARCOS DE ALMEIDA SILVA','(19)98244-4923','fpl69@flechadeprata.com.br',1),(151,'MARIANO RONDON DE SOUZA OJEDA','(19)98258-5824','fpl41@flechadeprata.com.br',1),(152,'MAURICIO AMORIM CARDOSO','(19)98217-2377','fpl178@flechadeprata.com.br',1),(153,'MAURO VALERIO DE SOUZA','(19)98244-4356','fpl66@flechadeprata.com.br',1),(154,'MILTON FIRMINO','(19)98258-9282','fpl192@flechadeprata.com.br',1),(155,'NATHANAEL A FERREIRA','(19)98244-0605','fpl275@flechadeprata.com.br',1),(156,'NATHANAEL MARTINS DE OLIVEIRA','(19)98244-5927','fpl176@flechadeprata.com.br',1),(157,'NELITO DA SILVA FILHO','(19)98217-6406','fpl182@flechadeprata.com.br',1),(158,'NEUZA XISTO GOMES','(19)98244-9089','fpl224@flechadeprata.com.br',1),(159,'NIDOVALDO LACERDA DE SOUZA','(19)98217-1468','fpl127@flechadeprata.com.br',1),(160,'NILTON FREITAS DA SILVA','(19)98217-1211','fpl301@flechadeprata.com.br',1),(161,'NIVALDO LUIZ RIVAROLI','(19)98217-3837','fpl261@flechadeprata.com.br',1),(162,'ODINEI BRAZ','(19)98327-4114','fpl70@flechadeprata.com.br',1),(163,'OSMAR VICENTE DE OLIVEIRA','(19)98217-6735','fpl185@flechadeprata.com.br',1),(164,'OSVALDO GOMES DE ARAUJO','(19)98217-5993','fpl308@flechadeprata.com.br',1),(165,'OSVALDO VIEIRA DE SOUZA','(19)98217-1559','fpl187@flechadeprata.com.br',1),(166,'OTAIR MACIEL PEREIRA','(19)98258-6126','fpl310@flechadeprata.com.br',1),(167,'PAULA CRISTINA FAL DA CRUZ','(19)98258-6297','fpl82@flechadeprata.com.br',1),(168,'PAULINHO CAETANO DOMINGO','(19)98217-1840','fpl188@flechadeprata.com.br',1),(169,'PAULO CESAR GUIMARAES','(19)98217-3366','fpl164@flechadeprata.com.br',1),(170,'PAULO SERGIO MENDONCA DA SILVA','(19)98244-5382','fpl132@flechadeprata.com.br',1),(171,'PEDRO BATISTA PEREIRA','(19)98297-2442','fpl9@flechadeprata.com.br',1),(172,'PEDRO GUILHERME DE ALMEIDA','(19)98258-5502','fpl220@flechadeprata.com.br',1),(173,'PEDRO HONORIO MARTINS','(19)98258-5161','fpl289@flechadeprata.com.br',1),(174,'RAIMUNDO OLIVEIRA DE JESUS','(19)98258-8440','fpl138@flechadeprata.com.br',1),(175,'RAINELDO CAPISTRANO DE SANTANA','(19)98217-3332','fpl96@flechadeprata.com.br',1),(176,'RAPHAEL PROVASI FERNANDES','(19)98217-4488','fpl26@flechadeprata.com.br',1),(177,'RAYRE PAES FERNANDES DA SILVA','(19)98258-5784','fpl272@flechadeprata.com.br',1),(178,'REGINALDO FIGUEIREDO DA SILVA','(19)98258-6325','fpl114@flechadeprata.com.br',1),(179,'REINALDO ABRANCHES DE QUEIROZ','(19)98217-1947','fpl94@flechadeprata.com.br',1),(180,'REINALDO BARBOSA DE SOUZA','(19)98258-6396','fpl270@flechadeprata.com.br',1),(181,'RENATO FONTES DE SOUZA','(19)98258-5842','fpl194@flechadeprata.com.br',1),(182,'RICARDO BENTO BRASIL','(19)98258-5813','fpl74@flechadeprata.com.br',1),(183,'ROBER LEONARD PRADO SILVA DE OLIVE','(19)98217-4949','fpl230@flechadeprata.com.br',1),(184,'ROBSON DA SILVA FIGUEIREDO','(19)98217-4847','fpl259@flechadeprata.com.br',1),(185,'RODNEIDE BENITES','(19)98217-4746','fpl151@flechadeprata.com.br',1),(186,'RODRIGO MANSUR GOMES','(19)98217-6564','fpl16@flechadeprata.com.br',1),(187,'RODRIGO ZULIN','(19)98217-5054','fpl31@flechadeprata.com.br',1),(188,'ROMARIO FERRAZ DE ARAUJO','(19)98217-6645','fpl246@flechadeprata.com.br',1),(189,'ROMEU SIPPERT','(19)98217-6600','fpl53@flechadeprata.com.br',1),(190,'RONALDO DE PAULA','(19)98258-5973','fpl199@flechadeprata.com.br',1),(191,'RONAN BORGES FERRAZ','(19)98258-6201','fpl273@flechadeprata.com.br',1),(192,'RONIVALDO LACERDA DE SOUZA','(19)98217-4550','fpl42@flechadeprata.com.br',1),(193,'ROSENILSON NOGUEIRA DA SILVA','(19)98217-5502','fpl286@flechadeprata.com.br',1),(194,'ROSIVALDO ALVES DA SILVA','(19)98217-4936','fpl302@flechadeprata.com.br',1),(195,'RUBENS MOISES DE SOUZA JUNIOR','(19)98217-4197','fpl71@flechadeprata.com.br',1),(196,'RUBSON RIBEIRO CARVALHO','(19)98258-5693','fpl154@flechadeprata.com.br',1),(197,'RONALDO LACERDA DE SOUZA','(19)98371-3883','fpl292@flechadeprata.com.br',1),(198,'SANDRO DOS SANTOS','(19)98217-4039','fpl60@flechadeprata.com.br',1),(199,'SANDRO FREIRE BARBOSA','(19)98258-6264','fpl202@flechadeprata.com.br',1),(200,'SEBASTIAO ALVES DE LIMA','(19)98217-1833','fpl291@flechadeprata.com.br',1),(201,'SEBASTIAO CARLOS DE SOUZA','(19)98217-1974','fpl83@flechadeprata.com.br',1),(202,'SEBASTIAO SANTOS DE OLIVEIRA','(19)98217-4086','fpl205@flechadeprata.com.br',1),(203,'SERGIO LUIZ FRANCISCO DOS SANTOS','(19)98258-6128','fpl231@flechadeprata.com.br',1),(204,'SERGIO LUIZ MARTINS DE OLIVEIRA','(19)98217-4472','fpl61@flechadeprata.com.br',1),(205,'SIDENEI KORNATZKI','(19)98258-5796','fpl208@flechadeprata.com.br',1),(206,'SIDNEI ABRANCHES DE QUEIROZ','(19)98258-5534','fpl256@flechadeprata.com.br',1),(207,'SIDNEY RODRIGUES DA ROCHA','(19)98217-1323','fpl296@flechadeprata.com.br',1),(208,'SIVALDO ALMEIDA DE SOUZA','(19)98217-4896','fpl121@flechadeprata.com.br',1),(209,'THONIJERRI MENDES RODRIGUES','(19)98217-4235','fpl251@flechadeprata.com.br',1),(210,'TIAGO ALMEIDA RODRIGUES','(19)98217-5192','fpl68@flechadeprata.com.br',1),(211,'VALDEMIR PEREIRA PARDIM','(19)98258-6155','fpl52@flechadeprata.com.br',1),(212,'VALDEMOR CAMARGO DE GODOI','(19)98217-5895','fpl215@flechadeprata.com.br',1),(213,'VALDENES VIANA SAMPAIO','(19)98244-5333','fpl125@flechadeprata.com.br',1),(214,'VALDIR MARTINS DE LIMA','(19)98217-4891','fpl250@flechadeprata.com.br',1),(215,'VALFRIDO LUCIO DE SA','(19)98217-2271','fpl221@flechadeprata.com.br',1),(216,'VALTER DA SILVA TERRA NACER','(19)98258-6209','fpl157@flechadeprata.com.br',1),(217,'VANLOON MEIRA ALVES','(19)98217-4015','fpl300@flechadeprata.com.br',1),(218,'VICENTE CELESTINO MARTINS','(19)98217-6771','fpl280@flechadeprata.com.br',1),(219,'WAGNER DA CRUZ OLIVEIRA','(19)98217-6596','fpl237@flechadeprata.com.br',1),(220,'WELDER DA SILVA MONTEIRO','(19)98258-5536','fpl40@flechadeprata.com.br',1),(221,'WELLINGTON JHONSON CORREIA DA SILV','(19)98217-5504','fpl255@flechadeprata.com.br',1),(222,'WELLINGTON MOREIRA SILVA','(19)98217-1110','fpl80@flechadeprata.com.br',1),(223,'WELLINGTON RODRIGO GUZZI','(19)98258-5498','fpl135@flechadeprata.com.br',1),(224,'WILSOM DE ANDRADE','(19)98244-1473','fpl33@flechadeprata.com.br',1),(225,'WILSON NASCIMENTO DA SILVA','(19)99241-8250','fpl145@flechadeprata.com.br',1),(226,'WILTON MOREIRA SANTOS','(19)98258-6125','fpl271@flechadeprata.com.br',1),(227,'WILTON RIBEIRO DAS NEVES','(19)98327-0102','fpl219@flechadeprata.com.br',1);
/*!40000 ALTER TABLE `motoristas` ENABLE KEYS */;
UNLOCK TABLES;

--
-- Table structure for table `pessoas`
--

DROP TABLE IF EXISTS `pessoas`;
/*!40101 SET @saved_cs_client     = @@character_set_client */;
/*!40101 SET character_set_client = utf8 */;
CREATE TABLE `pessoas` (
  `id_pessoa` int(11) NOT NULL AUTO_INCREMENT,
  `pessoa_nome` varchar(150) CHARACTER SET ucs2 NOT NULL,
  `pessoa_filial` int(11) NOT NULL,
  `pessoa_depto` int(11) DEFAULT NULL,
  `pessoa_email` varchar(150) CHARACTER SET ucs2 DEFAULT NULL,
  `pessoa_ramal` varchar(4) CHARACTER SET ucs2 DEFAULT NULL,
  `pessoa_ramaldireto` varchar(15) CHARACTER SET ucs2 DEFAULT NULL,
  `pessoa_celulartim` varchar(15) CHARACTER SET ucs2 DEFAULT NULL,
  `pessoa_nextel` varchar(15) CHARACTER SET ucs2 DEFAULT NULL,
  `pessoa_status` tinyint(4) NOT NULL DEFAULT '1',
  PRIMARY KEY (`id_pessoa`),
  KEY `pessoa_filial_idx` (`pessoa_filial`),
  KEY `pessoa_depto_idx` (`pessoa_depto`),
  KEY `pesosa_status_idx` (`pessoa_status`),
  CONSTRAINT `pesosa_status` FOREIGN KEY (`pessoa_status`) REFERENCES `status` (`idstatus`) ON DELETE NO ACTION ON UPDATE NO ACTION,
  CONSTRAINT `pessoa_depto` FOREIGN KEY (`pessoa_depto`) REFERENCES `deptos` (`id_depto`) ON DELETE NO ACTION ON UPDATE NO ACTION,
  CONSTRAINT `pessoa_filial` FOREIGN KEY (`pessoa_filial`) REFERENCES `filiais` (`id_filial`) ON DELETE NO ACTION ON UPDATE NO ACTION
) ENGINE=InnoDB AUTO_INCREMENT=99 DEFAULT CHARSET=utf8;
/*!40101 SET character_set_client = @saved_cs_client */;

--
-- Dumping data for table `pessoas`
--

LOCK TABLES `pessoas` WRITE;
/*!40000 ALTER TABLE `pessoas` DISABLE KEYS */;
INSERT INTO `pessoas` (`id_pessoa`, `pessoa_nome`, `pessoa_filial`, `pessoa_depto`, `pessoa_email`, `pessoa_ramal`, `pessoa_ramaldireto`, `pessoa_celulartim`, `pessoa_nextel`, `pessoa_status`) VALUES (1,'ALEXANDRE STABILE ',2,1,'alexandre.stabile@flechadeprata.com.br','- ','-','(19) 98217-1434','- ',1),(2,'DRIELE PAULO ',3,1,'driele.paulo@flechadeprata.com.br ','- ','-','(19) 98217-7452','- ',1),(3,'GUILHERME SANTOS ',3,1,'guilherme.santos@flechadeprata.com.br ','- ','-','(19) 98217-3246','- ',1),(4,'EBERTON SILVA',4,1,'eberton.silva@flechadeprata.com.br ','- ','-','(19) 98258-5921','- ',1),(5,'SIDINALDO SANTOS',4,1,'sidinaldo.santos@flechadeprata.com.br ','- ','-','(19) 98327-5511','- ',1),(6,'DAVI MATOS ',5,1,'davi.matos@flechadeprata.com.br ','- ','(67) 3358-1400 ','(19) 98217-6815','- ',1),(7,'JORCELINO BARBOSA ARANTES ',5,1,'jorcelino.arantes@flechadeprata.com.br ','- ','(67) 3358-1400 ','(19) 98217-1284','- ',1),(8,'MARIA LUIZA',5,1,'maria.luiza@flechadeprata.com.br ','- ','(67) 3358-1400 ','(19) 98258-6214','- ',1),(9,'ROBERTO JUNIOR ',5,1,'roberto.junior@flechadeprata.com.br ','- ','(67) 3358-1400 ','(19) 98217-7483','- ',1),(10,'RODRIGO SOUZA',5,1,'rodrigo.souza@flechadeprata.com.br ','- ','(67) 3358-1400 ','- ','- ',1),(11,'LEANDRO PIRES ',6,1,'leandro.pires@flechadeprata.com.br ','- ','-','(19) 98258-6152','- ',1),(12,'MARCIO KRAMPE ',7,1,'marcio.krampe@flechadeprata.com.br ','- ','-','(19) 98217-7742','- ',1),(13,'ANDRE OLIVEIRA',8,1,'andre.oliveira@flechadeprata.com.br ','- ','-','(19) 98217-6359','- ',1),(14,'FABIO ROCHA ',9,1,'fabio.rocha@flechadeprata.com.br ','- ','-','(19) 98217-7621','- ',1),(15,'FABIO SOUZA',10,1,'fabio.souza@flechadeprata.com.br ','- ','-','(19) 98217-7476','- ',1),(16,'VITOR BROTERO ',10,1,'vitor.brotero@flechadeprata.com.br ','- ','-','(19) 98327-5500','- ',1),(17,'ADRIANO SILVA',1,18,'adriano.silva@flechadeprata.com.br','1423','(19) 3429-0483','(19) 98217-1078','-',0),(18,'AGNALDO SILVA',1,5,'agnaldo.silva@flechadeprata.com.br','1411','(19) 3429-0471','(19) 98217-1730','5*16374',1),(19,'ALESSANDRA SILVA ',1,29,'alessandra.silva@flechadeprata.com.br ','1456','(19) 3429-0616','(19) 98128-2890','- ',1),(20,'ALEX DESTRO ',1,5,'alex.destro@flechadeprata.com.br ','1449','(19) 3429-0611','(19) 98217-7126','- ',1),(21,'ALINE LAUREANO ',1,11,'aline.laureano@flechadeprata.com.br','1461','(19) 3429-0621','-','-',0),(22,'ANA ALVES ',1,17,'anapaula.alves@flechadeprata.com.br ','1452','(19) 3429-0614','(19) 98258-6291','-',1),(23,'ANDRE COSTA',1,18,'andre.costa@flechadeprata.com.br ','1416','(19) 3429-0476','(19) 98217-7471','-',1),(24,'ANDREIA BETIOL ',1,13,'andreia.betiol@flechadeprata.com.br ','1474','(19) 3429-0634','- ','- ',1),(25,'ANGELO MACHI ',1,4,'angelo.machi@flechadeprata.com.br ','1476','(19) 3429-0636','(19) 98258-6026','- ',1),(26,'ANTONIO GRANZOTO ',1,11,'antonio.granzoto@flechadeprata.com.br ','1497','(19) 3429-0657','-','-',1),(27,'ANTONIO MIGUEL ',1,10,'antonio.miguel@flechadeprata.com.br ','1439','-','(19) 98258-6327','99*78884 ',1),(28,'BRUNA SANTOS ',1,12,'bruna.santos@flechadeprata.com.br ','1406','(19) 3429-1406','-','- ',1),(29,'BRUNO RAYA ',1,26,'bruno.raya@flechadeprata.com.br ','1493','(19) 3429-0653','(19) 98217-3007','- ',1),(30,'CARLA MATIAS ',1,3,'carla.matias@flechadeprata.com.br ','1498','(19) 3429-0658','(19) 98217-6778','- ',1),(31,'CARLA ROCHA ',1,13,'carla.rocha@flechadeprata.com.br ','-','-','(19) 98217-6885','- ',1),(32,'CHRISTIAN SANTOS',1,28,'christian.santos@flechadeprata.com.br','1483','(19) 3429-0643','(19) 98217-6777','-',1),(33,'DANIEL SANTOS ',1,30,'daniel.santos@flechadeprata.com.br ','1499','(19) 3429-0493','(19) 98258 -635','- ',1),(34,'DANIEL TORNISIELO ',1,28,'daniel.tornisielo@flechadeprata.com.br ','1437','(19) 3429-1437 ','(19) 98217-6905','- ',1),(35,'DANILO OLIVEIRA ',1,5,'danilo.oliveira@flechadeprata.com.br ','1402','(19) 3429-1402 ','(19) 98217-7839','- ',1),(36,'DEBORA SILVESTRE ',1,15,'debora.silvestre@flechadeprata.com.br ','1445','(19) 3429-0497','-','-',1),(37,'DIEGO BOTELHO',1,9,'diego.botelho@flechadeprata.com.br ','1464','(19) 3429-0624','(19) 98217-1802','-',1),(38,'EDUARDO FIGUEIREDO',1,23,'eduardo.figueiredo@flechadeprata.com.br ','1427','(19) 3429-0487','(19) 98217-1888','99*98055 ',1),(39,'ELIS CARDOZO ',1,12,'elis.cardozo@flechadeprata.com.br ','1455','(19) 3429-0615','-','- ',1),(40,'FABIO ASSARICE ',1,28,'fabio.assarice@flechadeprata.com.br ','- ','- ','(19) 98217-1239','- ',1),(41,'FELIPE BELLOTE ',1,6,'felipe.bellote@flechadeprata.com.br ','1442','(19) 3429-0494 ','- ','- ',1),(42,'GABRIEL ANDIA ',1,19,'gabriel.andi@flechadeprata.com.br ','1456','(19) 3429-0616','-','- ',1),(43,'GESSICA OVIDIO',1,20,'gessica.ovidio@flechadeprata.com.br ','1410','(19) 3429-0470','(19) 98217-7683','-',1),(44,'GIOVANA ANTONIOLLI ',1,31,'giovana.antoniolli@flechadeprata.com.br ','1496','(19) 3429-0656','(19) 98217-7308','- ',1),(45,'GISELE FERREIRA ',1,7,'giseli.ferreira@flechadeprata.com.br ','- ',NULL,'- ','-',1),(46,'GISLENE AMATI',1,12,'gislene.amati@flechadeprata.com.br ','1469','(19) 3429-0629','-','-',1),(47,'GUILHERME BARBOSA',1,10,'guilherme.barbosa@flechadeprata.com.br ','1426','(19) 3429-0486','(19) 98217-0970','5*14363 ',1),(48,'GUSTAVO GRACA ',1,18,'gustavo.graca@flechadeprata.com.br ','1418','(19) 3429-0478','(19) 98217-6949','- ',1),(49,'GUSTAVO SILVA ',1,23,'gustavo.silva@flechadeprata.com.br ','1424','(19) 3429-1439','-','-',1),(50,'HUGO AMSTALDEN ',1,12,'hugo.amstalden@flechadeprata.com.br ','1462','(19) 3429-0622','(19) 98217-1634','- ',1),(51,'HUGO COSTA ',1,5,'hugo.costa@flechadeprata.com.br ','1419','(19) 3429- 0479','(19) 98217-2726','- ',1),(52,'IGOR SIMOES ',1,17,'igor.simoes@flechadeprata.com.br ','1477','(19) 3429-0637','(19) 98217-7677','-',1),(53,'IVAN ROMAO ',1,17,'ivan.romao@flechadeprata.com.br ','1444','(19) 3429-0496','(19) 98217-7071','- ',1),(54,'JACQUELINE GARCIA ',1,20,'jacqueline.garcia@flechadeprata.com.br ','1404','(19) 3429-1404','(19) 98217-7252','- ',1),(55,'JAISON GONCALVES ',1,29,'jaison.goncalves@flechadeprata.com.br ','1460','(19) 3429-0620','(19) 98217-7786','99*142969 ',1),(56,'JENNIFER FERRAZZA',1,8,'jennifer.ferrazza@flechadeprata.com.br ','1487','(19) 3429-0647','(19) 98217-7931','-',1),(57,'JESSICA RAMOS',1,5,'jessica.ramos@flechadeprata.com.br ','1408','(19) 3429-1408','(19) 98217-6938','-',1),(58,'JHONNATHAN FERRAZA',1,8,'jhon@flechadeprata.com.br ','1485','(19) 3429-0645','(19) 98217-7961','-',1),(59,'JHONNY FERRAZZA',1,8,'jhonny.ferrazza@flechadeprata.com.br ','1486','(19) 3429-0646','(19) 98217-7078','-',1),(60,'JOSIANE DELABIO ',1,20,'josiane.delabio@flechadeprata.com.br','1405','(19) 3429-1405','(19) 98217-7353','-',1),(61,'JULIO FERREIRA ',1,5,'julio.ferreira@flechadeprata.com.br','1435','(19) 3429-1435','(19) 98217-7815',NULL,1),(62,'LARISSA MORAIS ',1,20,'larissa.morais@flechadeprata.com.br ','1409','(19) 3429-1409','(19) 98217-7317','- ',1),(63,'LEONARDO BIANCHIM ',1,26,'leonardo.bianchim@flechadeprata.com.br ','1473','(19) 3429-0633','(19) 98217-1441','- ',1),(64,'LEONARDO SOUZA',1,18,'leonardo.souza@flechadeprata.com.br','1421','(19) 3429-0481','(19) 98217-1847','-',1),(65,'LIDIANE SILVA ',1,5,'lidiane.silva@flechadeprata.com.br ','1433','(19) 3429-1433','- ','- ',1),(66,'LUCAS NOGUEIRA ',1,18,'lucas.nogueira@flechadeprata.com.br ','1479','(19) 3429-0639','-','- ',1),(67,'LUIZ FERRAZZA',1,21,'luiz.ferrazza@flechadeprata.com.br ','1488','(19) 3429-0648','(19) 98217-7837','-',1),(68,'MANOEL LIMA ',1,2,'manoel.lima@flechadeprata.com.br','1457','(19) 3429-0617','(19) 98217-7187','-',1),(69,'MARCELO PEREIRA ',1,11,'marcelo.pereira@flechadeprata.com.br ','1415','(19) 3429-0475','-','- ',1),(70,'MARCOS BIELAVSKI ',1,5,'marcos.bielavski@flechadeprata.com.br ','-','-','(19) 98217-7854','- ',1),(71,'MARCOS FERREIRA ',1,18,'marcos.ferreira@flechadeprata.com.br ','1478','(19) 3429-0638','(19) 98217-1585','-',1),(72,'MARINA PESCIM',1,12,'marina.pescim@flechadeprata.com.br','1438','(19) 3429-1438','(19) 98327-5544','- ',1),(73,'MATHEUS IZAQUE ',1,18,'matheus.izaque@flechadeprata.com.br ','1430','(19) 3429-1430','(19) 98217-7258','99*98488 ',1),(74,'MAYARA POLIZEL ',1,27,'mayara.polizel@flechadeprata.com.br ','1428','(19) 3429-0488','(19) 98217-6946','-',1),(75,'NATHALIA MARTINS ',1,5,'nathalia.martins@flechadeprata.com.br ','1434','(19) 3429-1434','(19) 98217-7140','-',1),(76,'NICOLI REIS ',1,26,'nicoli.reis@flechadeprata.com.br ','1463','(19) 3429-0623','-','- ',1),(77,'PORTARIA',1,26,'portaria.flecha@flechadeprata.com.br ','1484','(19) 3429-0644','(19) 98113-3663','-',1),(78,'PRISCILA REIS ',1,14,'priscila.reis@flechadeprata.com.br ','1480','(19) 3429-0640','(19) 98217-7092','- ',1),(79,'RAFAELA MELLEGA ',1,31,'rafaela.mellega@flechadeprata.com.br ','1492','(19) 3429-0652','(19) 98217-7137','-',1),(80,'REGIANE PEDRO ',1,31,'regiane.pedro@flechadeprata.com.br ','1466','(19) 3429-0626','-','-',1),(81,'RENATO TARARAM ',1,6,'renato.tararam@flechadeprata.com.br ','1412','(19) 3429-0472','(19) 98217-6827','99*144370 ',1),(82,'RICARDO RASERA',1,16,'ricardo.rasera@flechadeprata.coom.br ','1447','(19) 3429-0499','(19) 98217-6957','99*201088',1),(83,'ROBERTO DIAS ',1,17,'roberto.dias@flechadeprata.com.br ','- ',NULL,'-','-',1),(84,'SHEILA CUNHA',1,18,'sheila.cunha@flechadeprata.com.br ','1450','(19) 3429-0612','(19) 98327-0341','-',1),(85,'TAIS MARTINS ',1,6,'tais.martins@flechadeprata.com.br ','1432','(19) 3429-1432','-','- ',1),(86,'TELMA LIMA',1,11,'telma.lima@flechadeprata.com.br ','1459','(19) 3429-0619','(19) 98217-7382','-',1),(87,'THAIS BARBOSA ',1,7,'thais.barbosa@flechadeprata.com.br ','- ',NULL,'-','-',1),(88,'THIAGO SILVA ',1,21,'thiago.silva@flechadeprata.com.br ','1453','(19) 3429-0491','- ','- ',1),(89,'VAGNER PEREIRA ',1,7,'vagner.pereira@flechadeprata.com.br ','1471','(19) 3429-0631','(19) 98327-5522','-',1),(90,'VERONICA BENATTO ',1,7,'veronica.benatto@flechadeprata.com.br ','1472','(19) 3429-0632','-','- ',1),(91,'VICTOR VIEIRA',1,3,'victor.vieira@flechadeprata.com.br','1467','(19) 3429-0627','(19) 98217-7041','-',1),(92,'VINICIUS CASTRO',1,24,'vinicius.castro@flechadeprata.com.br ','1495','(19) 3429-0655','(19) 98217-6824','-',1),(93,'VIVIAN MIOTTO',1,25,'vivian.miotto@flechadeprata.com.br ','1481','(19) 3429-0641','-','-',1),(94,'WAGNER LARA ',1,23,'wagner.lara@flechadeprata.com.br ','1425','(19) 3429-0485','(19) 98355-2122','- ',1),(95,'YASMINE TEOTONIO ',1,26,'yasmine.teotonio@flechadeprata.com.br ','1400','(19) 3429-1400','-','- ',1),(96,'JOSE ROBERTO ',11,1,'jose.roberto@flechadeprata.com.br ','-','(27) 3185-5105 ','(19) 98217-1007','-',1),(97,'JEFERSON LIBORIO ',12,1,'jeferson.liborio@flechadeprata.com.br ','- ','- ','(19) 98217-7548','- ',1),(98,'SAMUEL GOES ',12,1,'samuel.goes@flechadeprata.com.br ','- ','- ','(19) 98327-5533','- ',1);
/*!40000 ALTER TABLE `pessoas` ENABLE KEYS */;
UNLOCK TABLES;

--
-- Table structure for table `status`
--

DROP TABLE IF EXISTS `status`;
/*!40101 SET @saved_cs_client     = @@character_set_client */;
/*!40101 SET character_set_client = utf8 */;
CREATE TABLE `status` (
  `idstatus` tinyint(4) NOT NULL,
  `status_desc` varchar(45) NOT NULL,
  PRIMARY KEY (`idstatus`)
) ENGINE=InnoDB DEFAULT CHARSET=utf8;
/*!40101 SET character_set_client = @saved_cs_client */;

--
-- Dumping data for table `status`
--

LOCK TABLES `status` WRITE;
/*!40000 ALTER TABLE `status` DISABLE KEYS */;
INSERT INTO `status` (`idstatus`, `status_desc`) VALUES (0,'Inativo'),(1,'Ativo');
/*!40000 ALTER TABLE `status` ENABLE KEYS */;
UNLOCK TABLES;
/*!40103 SET TIME_ZONE=@OLD_TIME_ZONE */;

/*!40101 SET SQL_MODE=@OLD_SQL_MODE */;
/*!40014 SET FOREIGN_KEY_CHECKS=@OLD_FOREIGN_KEY_CHECKS */;
/*!40014 SET UNIQUE_CHECKS=@OLD_UNIQUE_CHECKS */;
/*!40101 SET CHARACTER_SET_CLIENT=@OLD_CHARACTER_SET_CLIENT */;
/*!40101 SET CHARACTER_SET_RESULTS=@OLD_CHARACTER_SET_RESULTS */;
/*!40101 SET COLLATION_CONNECTION=@OLD_COLLATION_CONNECTION */;
/*!40111 SET SQL_NOTES=@OLD_SQL_NOTES */;

-- Dump completed on 2014-04-29 16:32:40
